Begin 
"care@abof.com","http://www.abof.com/men/sale"
"care@abof.com","http://www.abof.com/men"
"care@abof.com","http://www.abof.com/women"
"care@abof.com","http://www.abof.com/women"
"care@abof.com","http://www.abof.com/men"
"care@abof.com","http://www.abof.com/searchterm/"
"care@abof.com","http://www.abof.com/men/sale"
"care@abof.com","http://www.abof.com/women/sale"
"care@abof.com","http://www.abof.com/terms"
"care@abof.com","http://www.abof.com/about-abof"
"care@abof.com","http://www.abof.com/leadership-team"
"pragnya.ram@adityabirla.com","http://www.abof.com/privacy-policy"
"care@abof.com","http://www.abof.com/privacy-policy"
"care@abof.com","http://www.abof.com/men/sale"
"care@abof.com","http://www.abof.com/men"
"care@abof.comWE","http://www.abof.com/product/BCKRS16FMCWCF9ULIN73-Buckaroo-Men-Brown-Leather-Casual-Shoes"
"care@abof.comWE","http://www.abof.com/product/FILAS16FMAWRS9OBIC05-Fila-Men-Grey-and-Neon-Green-Aerobic-Lite-Running-Shoes"
"care@abof.comWE","http://www.abof.com/product/PUMAS16FMAWSO9137705-Puma-Men-Grey-Titan-Canvas-Mid-DP-Lifestyle-Shoes"
"care@abof.comWE","http://www.abof.com/product/ABOFS16FMCWLF1131601-abof-Men-Grey-Printed-Espadrilles"
"care@abof.comWE","http://www.abof.com/product/BCKRS16FMCWCF9AMEZ59-Buckaroo-Men-Navy-Gamez-Leather-Casual-Shoes"
"care@abof.comWE","http://www.abof.com/product/ADIDS16FMAWSO9ERBY05-Adidas-Men-Grey-and-Blue-Lifestyle-Shoes"
"care@abof.comWE","http://www.abof.com/product/ABOFS16FMCWLF1131102-abof-Men-Red-and-White-Espadrilles"
"care@abof.comWE","http://www.abof.com/product/PUMAS16FMAWRS9793305-Puma-Men-Grey-and-Orange-Kevler-DP-Running-Shoes"
"care@abof.comWE","http://www.abof.com/product/ABOFS16FMCWLF1131701-abof-Men-Beige-Striped-Espadrilles"
"care@abof.comWE","http://www.abof.com/product/ABOFS16FMCWLF1131101-abof-Men-Blue-and-White-Espadrilles"
"care@abof.comWE","http://www.abof.com/product/PUMAS16FMCWCV9176105-Puma-Men-Blue-Streetball-DP-Canvas-Shoes"
"care@abof.comWE","http://www.abof.com/product/ABOFS16FMCWLF1131201-abof-Men-Navy-Espadrilles"
"care@abof.comWE","http://www.abof.com/product/WLCFS16OMFABP9116140-Wildcraft-Unisex-Olive-Green-and-Black-Printed-Backpack"
"care@abof.comWE","http://www.abof.com/product/PUMAS16OMFAWL9995150-Puma-Men-Dark-Blue-Academy-Printed-Three-fold-Wallet"
"care@abof.com","http://www.abof.com/men"
"care@abof.comWE","http://www.abof.com/product/PUMAS16OMFABP9193005-Puma-Unisex-Olive-Green-Backpack"
"care@abof.comWE","http://www.abof.com/product/PUMAS16OMFABP9193050-Puma-Unisex-Blue-Backpack"
"care@abof.com","http://www.abof.com/men/sale"
"care@abof.comWE","http://www.abof.com/product/PUMAS16OMFAWL9177009-Puma-Men-Black-Ferrari-Replica-Wallet"
"care@abof.comWE","http://www.abof.com/product/WLCFS16OMFABP9117718-Wildcraft-Unisex-Grey-and-Orange-Printed-Laptop-Backpack"
"care@abof.comWE","http://www.abof.com/product/WLCFS16OMFABP9117750-Wildcraft-Unisex-Blue-and-Black-Printed-Laptop-Backpack"
"care@abof.comWE","http://www.abof.com/product/WLCFS16OMFABP9117609-Wildcraft-Unisex-Black-Printed-Backpack"
"care@abof.comWE","http://www.abof.com/product/WLCFS16OMFABP9116240-Wildcraft-Unisex-Black-and-Green-Printed-Backpack"
"care@abof.comWE","http://www.abof.com/product/PUMAS16OMFAWL9995105-Puma-Men-Grey-Academy-Printed-Three-fold-Wallet"
"care@abof.comWE","http://www.abof.com/product/WLCFS16OMFABP9116340-Wildcraft-Unisex-Olive-Green-Printed-Backpack"
"care@abof.comWE","http://www.abof.com/product/PUMAS16OMFAMG9462005-Puma-Men-Grey-Messenger-Bag"
"care@abof.comWE","http://www.abof.com/product/ABOFS16AMCWTE1113801-abof-Men-White-and-Sky-Blue-Striped-Regular-Fit-T-shirt"
"care@abof.com","http://www.abof.com/men"
"care@abof.comWE","http://www.abof.com/product/PUMAS16AMAWSS9731559-Puma-Men-Navy-Regular-Fit-Sweatshirt"
"care@abof.com","http://www.abof.com/men/sale"
"care@abof.comWE","http://www.abof.com/product/BLACS16AMFWSH9339809-Black-Coffee-Men-Black-Slim-Fit-Shirt"
"care@abof.comWE","http://www.abof.com/product/PARXS16AMCWJS954B550-Parx-Men-Blue-Slim-Fit-Distressed-Jeans"
"care@abof.comWE","http://www.abof.com/product/HIGLS16AMCWSH9885350-Highlander-Men-Blue-Regular-Fit-Denim-Shirt"
"care@abof.comWE","http://www.abof.com/product/ABOFS16AMCWTE1097601-abof-Men-Black-and-White-Melange-Printed-Regular-Fit-T-shirt"
"care@abof.comWE","http://www.abof.com/product/ABOFS16AMCWTE1113802-abof-Men-White-Striped-Regular-Fit-T-shirt"
"care@abof.comWE","http://www.abof.com/product/ABOFS16AMCWTE1114201-abof-Men-White-Striped-Regular-Fit-T-shirt"
"care@abof.comWE","http://www.abof.com/product/HIGLS16AMCWTR9376205-Highlander-Men-Light-Grey-Regular-Fit-Trousers"
"care@abof.comWE","http://www.abof.com/product/ABOFS16AMCWTE1097602-abof-Men-Black-and-Grey-Melange-Printed-Regular-Fit-T-shirt"
"care@abof.comWE","http://www.abof.com/product/PUMAS16AMAWPO9158950-Puma-Men-Blue-Regular-Fit-Polo-T-shirt"
"care@abof.comWE","http://www.abof.com/product/ABOFS16AMCWTE1114202-abof-Men-White-and-Grey-Striped-Regular-Fit-Vest"
"care@abof.com","http://www.abof.com/men/sale"
"care@abof.com","http://www.abof.com/men"
"care@abof.comWE","http://www.abof.com/product/SPKRS16AMDMSH9162730-Spykar-Men-Red-Slim-Fit-Shirt"
"care@abof.comWE","http://www.abof.com/product/SPKRS16AMDMSH9160759-Spykar-Men-Navy-Slim-Fit-Shirt"
"care@abof.comWE","http://www.abof.com/product/SPKRS16AMDMJS9160853-Spykar-Men-Blue-Skinny-Fit-Jeans"
"care@abof.comWE","http://www.abof.com/product/SPKRS16AMDMTE9169803-Spykar-Men-Light-Grey-Graphic-Print-Slim-Fit-T-shirt"
"care@abof.comWE","http://www.abof.com/product/SPKRS16AMDMSH9625400-Spykar-Men-White-Regular-Fit-Casual-Shirt"
"care@abof.comWE","http://www.abof.com/product/SPKRS16AMDMSH9162770-Spykar-Men-Navy-Slim-Fit-Shirt"
"care@abof.comWE","http://www.abof.com/product/SPKRS16AMDMTE9610100-Spykar-Men-White-Printed-Slim-Fit-T-shirt"
"care@abof.comWE","http://www.abof.com/product/SPKRS16AMDMSH9624800-Spykar-Men-White-Printed-Casual-Slim-Fit-Shirt"
"care@abof.comWE","http://www.abof.com/product/SPKRS16AMDMSX9165750-Spykar-Men-Blue-Printed-Regular-Fit-Shorts"
"care@abof.comWE","http://www.abof.com/product/SPKRS16AMDMJS9S16050-Spykar-Men-Rover-Blue-Regular-Fit-Jeans"
"care@abof.comWE","http://www.abof.com/product/SPKRS16AMDMTE9164300-Spykar-Men-White-Printed-Slim-Fit-T-shirt"
"care@abof.comWE","http://www.abof.com/product/SPKRS16AMDMSH9623309-Spykar-Men-Dark-Blue-Printed-Slim-Fit-Shirt"
"care@abof.com","http://www.abof.com/men/sale"
"care@abof.comWE","http://www.abof.com/product/ABOFA15FMCWSE1181501-abof-Men-Black-Sandals"
"care@abof.com","http://www.abof.com/men"
"care@abof.comWE","http://www.abof.com/product/ABOFS16AMCWTE1113801-abof-Men-White-and-Sky-Blue-Striped-Regular-Fit-T-shirt"
"care@abof.comWE","http://www.abof.com/product/ABOFA15AMCWPO1039002-abof-Men-Indigo-Blue-and-Yellow-Striped-Polo-Regular-Fit-T-shirt"
"care@abof.comWE","http://www.abof.com/product/ABOFA15AMCWSH1009205-abof-Men-Light-Blue-Casual-Slim-Fit-Shirt"
"care@abof.comWE","http://www.abof.com/product/ABOFS16AMCWJS1156701-abof-Men-Grey-Slim-Fit-Jeans"
"care@abof.comWE","http://www.abof.com/product/ABOFA15AMCWSS1152601-abof-Men-Black-Printed-Sweatshirt"
"care@abof.comWE","http://www.abof.com/product/ABOFS16AMCWTE1114201-abof-Men-White-Striped-Regular-Fit-T-shirt"
"care@abof.comWE","http://www.abof.com/product/ABOFS16AMCWJS1156601-abof-Men-Blue-Slim-Fit-Jeans"
"care@abof.comWE","http://www.abof.com/product/ABOFA15AMCWTE1063801-abof-Men-White-and-Pink-Color-Block-Regular-Fit-T-shirt"
"care@abof.comWE","http://www.abof.com/product/ABOFS16AMCWJS1082901-abof-Men-Dark-Blue-Slim-Fit-Distressed-Jeans"
"care@abof.comWE","http://www.abof.com/product/ABOFS16AMCWTE1032601-abof-Men-Dark-Grey-CPD-Regular-Fit-T-shirt"
"care@abof.comWE","http://www.abof.com/product/ABOFS16AMCWTE1113802-abof-Men-White-Striped-Regular-Fit-T-shirt"
"care@abof.comWE","http://www.abof.com/product/ABOFA15FMCWSE1181501-abof-Men-Black-Sandals"
"care@abof.comWE","http://www.abof.com/product/PUMAS16OMFABP9193050-Puma-Unisex-Blue-Backpack"
"care@abof.com","http://www.abof.com/men/sale"
"care@abof.comWE","http://www.abof.com/product/LEVIS16AMDMTE9008750-Levis-Men-Navy-Regular-Fit-T-shirt"
"care@abof.comWE","http://www.abof.com/product/ABOFS16AMCWTE1113801-abof-Men-White-and-Sky-Blue-Striped-Regular-Fit-T-shirt"
"care@abof.com","http://www.abof.com/men"
"care@abof.comWE","http://www.abof.com/product/ABOFS16AMCWJS1156701-abof-Men-Grey-Slim-Fit-Jeans"
"care@abof.comWE","http://www.abof.com/product/SPKRS16AMDMJS9160853-Spykar-Men-Blue-Skinny-Fit-Jeans"
"care@abof.comWE","http://www.abof.com/product/SPKRS16AMDMTE9610100-Spykar-Men-White-Printed-Slim-Fit-T-shirt"
"care@abof.comWE","http://www.abof.com/product/ABOFS16AMCWTE1113802-abof-Men-White-Striped-Regular-Fit-T-shirt"
"care@abof.comWE","http://www.abof.com/product/PARXS16AMCWTR991B659-Parx-Men-Navy-Regular-Fit-Cargo-Trousers"
"care@abof.comWE","http://www.abof.com/product/ABOFA15FMFASN1202705-abof-Men-Steel-Grey-Sneakers"
"care@abof.comWE","http://www.abof.com/product/ABOFS16AMCWJS1156601-abof-Men-Blue-Slim-Fit-Jeans"
"care@abof.comWE","http://www.abof.com/product/SPKRS16AMDMTE9164303-Spykar-Men-Light-Grey-Melange-Slim-Fit-T-shirt"
"care@abof.com","http://www.abof.com/men/sale"
"care@abof.comWE","http://www.abof.com/product/JKJNS16AMDMJS9906550-Jack-and-Jones-Men-Blue-Distressed-Skinny-Fit-Jeans"
"care@abof.comWE","http://www.abof.com/product/JKJNS16AMDMSX9256105-Jack-and-Jones-Men-Light-Grey-Printed-Regular-Fit-Shorts"
"care@abof.com","http://www.abof.com/men"
"care@abof.comWE","http://www.abof.com/product/JKJNA15AMDMJS9023450-Jack-and-Jones-Men-Blue-Loose-Fit-Jeans"
"care@abof.comWE","http://www.abof.com/product/JKJNS16AMDMJS9912405-Jack-and-Jones-Men-Grey-Skinny-Fit-Jeans"
"care@abof.comWE","http://www.abof.com/product/JKJNS16AMDMJS9906650-Jack-and-Jones-Men-Glenn-Light-Blue-Distressed-Slim-Fit-Jeans"
"care@abof.comWE","http://www.abof.com/product/JKJNA15AMDMJS9956650-Jack-and-Jones-Men-Light-Blue-Regular-Fit-Jeans"
"care@abof.comWE","http://www.abof.com/product/JKJNS16AMDMSX9256150-Jack-and-Jones-Men-Grey-Printed-Regular-Fit-Shorts"
"care@abof.comWE","http://www.abof.com/product/JKJNS16AMDMTE9989259-Jack-and-Jones-Men-Navy-Slim-Fit-T-shirt"
"care@abof.comWE","http://www.abof.com/product/JKJNS16AMDMSH9283050-Jack-and-Jones-Men-Sheron-Light-Blue-Slim-Fit-Shirt"
"care@abof.comWE","http://www.abof.com/product/JKJNS16AMDMSX9256200-Jack-and-Jones-Men-Graham-Beige-Printed-Regular-Fit-Chino-Shorts"
"care@abof.comWE","http://www.abof.com/product/JKJNS16AMDMSH9283059-Jack-and-Jones-Men-Sheron-Navy-Slim-Fit-Shirt"
"care@abof.comWE","http://www.abof.com/product/JKJNA15AMDMJS9094750-Jack-and-Jones-Men-Blue-Distressed-Regular-Fit-Jeans"
"care@abof.com","http://www.abof.com/men/sale"
"care@abof.comWE","http://www.abof.com/product/BCKRS16FMCWCF9ULIN73-Buckaroo-Men-Brown-Leather-Casual-Shoes"
"care@abof.comWE","http://www.abof.com/product/PUMAS16FMAWSO9137705-Puma-Men-Grey-Titan-Canvas-Mid-DP-Lifestyle-Shoes"
"care@abof.com","http://www.abof.com/men"
"care@abof.comWE","http://www.abof.com/product/ABOFS16AMCWTE1114201-abof-Men-White-Striped-Regular-Fit-T-shirt"
"care@abof.comWE","http://www.abof.com/product/ABOFS16FMCWLF1131201-abof-Men-Navy-Espadrilles"
"care@abof.comWE","http://www.abof.com/product/PUMAS16OMFAWL9995150-Puma-Men-Dark-Blue-Academy-Printed-Three-fold-Wallet"
"care@abof.comWE","http://www.abof.com/product/BLACS16AMFWSH9339809-Black-Coffee-Men-Black-Slim-Fit-Shirt"
"care@abof.comWE","http://www.abof.com/product/ABOFS16AMCWTE1113801-abof-Men-White-and-Sky-Blue-Striped-Regular-Fit-T-shirt"
"care@abof.comWE","http://www.abof.com/product/ABOFS16AMCWTE1113802-abof-Men-White-Striped-Regular-Fit-T-shirt"
"care@abof.comWE","http://www.abof.com/product/HIGLS16AMCWTR9376205-Highlander-Men-Light-Grey-Regular-Fit-Trousers"
"care@abof.comWE","http://www.abof.com/product/ABOFS16AMCWTE1097601-abof-Men-Black-and-White-Melange-Printed-Regular-Fit-T-shirt"
"care@abof.comWE","http://www.abof.com/product/ABOFS16AMCWTE1097602-abof-Men-Black-and-Grey-Melange-Printed-Regular-Fit-T-shirt"
"care@abof.comWE","http://www.abof.com/product/PUMAS16FMAWRS9793305-Puma-Men-Grey-and-Orange-Kevler-DP-Running-Shoes"
"care@abof.com","http://www.abof.com/men/sale"
"care@abof.comWE","http://www.abof.com/product/PARXS16AMCWTR991B659-Parx-Men-Navy-Regular-Fit-Cargo-Trousers"
"care@abof.comWE","http://www.abof.com/product/PARXS16AMCWTE968G605-Parx-Men-Grey-Regular-Fit-T-shirt"
"care@abof.comWE","http://www.abof.com/product/PARXS16AMCWSH970N440-Parx-Men-Teal-Green-Slim-Fit-Casual-Shirt"
"care@abof.com","http://www.abof.com/men"
"care@abof.comWE","http://www.abof.com/product/PARXS16AMCWTE927W100-Parx-Men-White-Regular-Fit-Polo-T-shirt"
"care@abof.comWE","http://www.abof.com/product/PARXS16AMCWTR992H574-Parx-Men-Khaki-Regular-Fit-Trousers"
"care@abof.comWE","http://www.abof.com/product/PARXS16AMCWSH909Y510-Parx-Men-White-and-Purple-Checkered-Slim-Fit-Shirt"
"care@abof.comWE","http://www.abof.com/product/PARXS16AMCWSH931B650-Parx-Men-Blue-Slim-Fit-Casual-Shirt"
"care@abof.comWE","http://www.abof.com/product/PARXS16AMCWTE951R930-Parx-Men-Red-Regular-Fit-Polo-T-shirt"
"care@abof.comWE","http://www.abof.com/product/PARXS16AMCWJS951B750-Parx-Men-Dark-Blue-Slim-Fit-Jeans"
"care@abof.comWE","http://www.abof.com/product/PARXS16AMCWSH9511210-Parx-Men-Yellow-and-White-Checkered-Regular-Fit-Casual-Shirt"
"care@abof.comWE","http://www.abof.com/product/PARXS16AMCWSH944B650-Parx-Men-Dark-Blue-Slim-Fit-Casual-Shirt"
"care@abof.comWE","http://www.abof.com/product/PARXS16AMCWJS962B950-Parx-Men-Dark-Blue-Regular-Fit-Jeans"
"care@abof.com","http://www.abof.com/men/sale"
"care@abof.comWE","http://www.abof.com/product/ABOFS16AMCWTE1113801-abof-Men-White-and-Sky-Blue-Striped-Regular-Fit-T-shirt"
"care@abof.comWE","http://www.abof.com/product/FRATS16AMDMTE9T92309-Free-Authority-Men-Black-Graphic-Print-Regular-Fit-T-shirt"
"care@abof.com","http://www.abof.com/men"
"care@abof.comWE","http://www.abof.com/product/ABOFS16AMCWTE1113802-abof-Men-White-Striped-Regular-Fit-T-shirt"
"care@abof.comWE","http://www.abof.com/product/ABOFS16AMCWTE1114201-abof-Men-White-Striped-Regular-Fit-T-shirt"
"care@abof.comWE","http://www.abof.com/product/BRKBS16AMCWTE9DUKA60-Breakbounce-Men-Navy-Printed-Regular-Fit-T-shirt"
"care@abof.comWE","http://www.abof.com/product/STQOS16AMDMTE9600859-Status-Quo-Men-Navy-Printed-Regular-Fit-T-shirt"
"care@abof.comWE","http://www.abof.com/product/PUMAS16AMAWPO9158950-Puma-Men-Blue-Regular-Fit-Polo-T-shirt"
"care@abof.comWE","http://www.abof.com/product/ABOFS16AMCWTE1078601-abof-Men-Blue-and-White-Printed-T-shirt"
"care@abof.comWE","http://www.abof.com/product/ABOFS16AMCWPO1088201-abof-Men-White-and-Navy-Striped-Regular-Fit-Polo-T-shirt"
"care@abof.comWE","http://www.abof.com/product/FOCAS16AMDMTE9IRDY30-Forca-by-Lifestyle-Men-Red-Printed-Slim-Fit-T-shirt"
"care@abof.comWE","http://www.abof.com/product/ABOFS16AMCWTE1078602-abof-Men-Light-Blue-and-White-Printed-T-shirt"
"care@abof.com","http://www.abof.com/men/sale"
"care@abof.comWE","http://www.abof.com/product/ABOFS16AMCWSH1086701-abof-Men-Tristen-White-and-Orange-Checkered-Slim-Fit-Shirt"
"care@abof.comWE","http://www.abof.com/product/PEJES16AMDMKU9141350-Peter-England-Jeans-Men-Indies-Dark-Blue-Printed-Regular-Fit-Kurta"
"care@abof.com","http://www.abof.com/men"
"care@abof.comWE","http://www.abof.com/product/HIGLS16AMCWSH9885350-Highlander-Men-Blue-Regular-Fit-Denim-Shirt"
"care@abof.comWE","http://www.abof.com/product/UCBZS16AMCWTE9002I50-United-Colors-of-Benetton-Men-Blue-Regular-Fit-T-shirt"
"care@abof.comWE","http://www.abof.com/product/ABOFS16AMCWSH1086602-abof-Men-Yellow-Slim-Fit-Casual-Shirt"
"care@abof.comWE","http://www.abof.com/product/ABOFS16AMCWSH1128901-abof-Men-Colt-Pink-Printed-Slim-Fit-Casual-Shirt"
"care@abof.comWE","http://www.abof.com/product/SPKRS16AMDMSH9162200-Spykar-Men-White-Casual-Slim-Fit-Shirt"
"care@abof.comWE","http://www.abof.com/product/PEPES16AMDMSH9YSON10-Pepe-Men-Yellow-Striped-Slim-Fit-Shirt"
"care@abof.comWE","http://www.abof.com/product/BASCS16AMCWSH9345022-Basics-Men-Blue-Printed-Slim-Fit-Shirt"
"care@abof.comWE","http://www.abof.com/product/ABOFS16AMCWSH1086703-abof-Men-Tristen-White-and-Brown-Checkered-Slim-Fit-Shirt"
"care@abof.comWE","http://www.abof.com/product/PETES16AMDMSH9479038-Pete-by-Peter-England-Men-White-and-Khaki-Checkered-Regular-Fit-Shirt"
"care@abof.comWE","http://www.abof.com/product/ABOFS16AMCWSH1025501-abof-Men-White-Printed-Slim-Fit-Shirt"
"care@abof.comWE","http://www.abof.com/product/ABOFS16AMCWSH1025902-abof-Men-Zion-Khaki-Linen-Blend-Printed-Slim-Fit-Shirt"
"care@abof.com","http://www.abof.com/men/sale"
"care@abof.comWE","http://www.abof.com/product/BLACS16AMFWSH9339809-Black-Coffee-Men-Black-Slim-Fit-Shirt"
"care@abof.comWE","http://www.abof.com/product/VHMLS16AMFWSH9569359-Van-Heusen-Men-Navy-Printed-Regular-Fit-Formal-Shirt"
"care@abof.comWE","http://www.abof.com/product/LPMLS16AMFWSH9369600-Louis-Philippe-Men-White-Checkered-Formal-Regular-Fit-Shirt"
"care@abof.comWE","http://www.abof.com/product/PEMLS16AMFWSH9202222-Peter-England-Men-Light-Pink-Dot-Print-Regular-Fit-Semi-formal-Shirt"
"care@abof.comWE","http://www.abof.com/product/PEMLS16AMFWSH9208603-Peter-England-Men-Dark-Grey-Formal-Slim-Fit-Shirt"
"care@abof.comWE","http://www.abof.com/product/PEMLS16AMFWSH9130253-Peter-England-Men-Sky-Blue-Checkered-Slim-Fit-Shirt"
"care@abof.comWE","http://www.abof.com/product/PEMLS16AMFWSH9131650-Peter-England-Men-Sky-Blue-Formal-Slim-Fit-Shirt"
"care@abof.comWE","http://www.abof.com/product/PEMLS16AMFWSH9130350-Peter-England-Men-Blue-and-Orange-Checkered-Slim-Fit-Shirt"
"care@abof.comWE","http://www.abof.com/product/PEMLS16AMFWSH9111950-Peter-England-Men-Blue-and-White-Checkered-Formal-Slim-Fit-Shirt"
"care@abof.com","http://www.abof.com/men"
"care@abof.comWE","http://www.abof.com/product/PEMLS16AMFWSH9111100-Peter-England-Men-White-Checkered-Slim-Fit-Shirt"
"care@abof.comWE","http://www.abof.com/product/VHMLA15AMFWSH9683150-Van-Heusen-Men-Light-Blue-Slim-Fit-Formal-Shirt"
"care@abof.comWE","http://www.abof.com/product/PEMLS16AMFWSH9183059-Peter-England-Men-Navy-Regular-Fit-Formal-Shirt"
"care@abof.com","http://www.abof.com/men/sale"
"care@abof.comWE","http://www.abof.com/product/PARXS16AMCWJS954B550-Parx-Men-Blue-Slim-Fit-Distressed-Jeans"
"care@abof.comWE","http://www.abof.com/product/LOCOS16AMDMJS9422350-Locomotive-Men-Blue-Regular-Fit-Jeans"
"care@abof.comWE","http://www.abof.com/product/SPKRS16AMDMJS9S16050-Spykar-Men-Rover-Blue-Regular-Fit-Jeans"
"care@abof.comWE","http://www.abof.com/product/ABOFS16AMCWJS1156701-abof-Men-Grey-Slim-Fit-Jeans"
"care@abof.com","http://www.abof.com/men"
"care@abof.comWE","http://www.abof.com/product/SFJNS16AMDMJS9EP1253-SF-Jeans-by-Pantaloons-Men-Blue-Slim-Fit-Jeans"
"care@abof.comWE","http://www.abof.com/product/ABOFS16AMCWJS1156601-abof-Men-Blue-Slim-Fit-Jeans"
"care@abof.comWE","http://www.abof.com/product/LOCOS16AMDMJS9422650-Locomotive-Men-Blue-Regular-Fit-Distressed-Jeans"
"care@abof.comWE","http://www.abof.com/product/FOCAS16AMDMJS9EMID53-Forca-by-Lifestyle-Men-Enrique-Blue-Skinny-Fit-Jeans"
"care@abof.comWE","http://www.abof.com/product/ABOFS16AMCWJS1102901-abof-Men-Grey-Slim-Fit-Jeans"
"care@abof.comWE","http://www.abof.com/product/ABOFS16AMCWJS1103401-abof-Men-Light-Blue-Slim-Fit-Jeans"
"care@abof.comWE","http://www.abof.com/product/ABOFS16AMCWJS1090001-abof-Men-Blue-Slim-Fit-Jeans"
"care@abof.comWE","http://www.abof.com/product/ABOFS16AMCWJS1030101-abof-Men-George-Dark-Blue-Slim-Fit-Jeans"
"care@abof.com","http://www.abof.com/men/sale"
"care@abof.com","http://www.abof.com/men"
"care@abof.comWE","http://www.abof.com/product/PUMAS16OMFAWL9995150-Puma-Men-Dark-Blue-Academy-Printed-Three-fold-Wallet"
"care@abof.comWE","http://www.abof.com/product/PUMAS16OMFABP9193005-Puma-Unisex-Olive-Green-Backpack"
"care@abof.comWE","http://www.abof.com/product/PUMAS16OMFADF9950550-Puma-Unisex-Black-and-Blue-Duffle-Bag"
"care@abof.comWE","http://www.abof.com/product/PUMAS16AMAWTK9960309-Puma-Men-Black-Regular-Fit-Joggers"
"care@abof.comWE","http://www.abof.com/product/PUMAS16OMFABP9193050-Puma-Unisex-Blue-Backpack"
"care@abof.comWE","http://www.abof.com/product/PUMAS16FMAWSO9174509-Puma-Men-Black-and-White-Ponda-DP-Lifestyle-Shoes"
"care@abof.comWE","http://www.abof.com/product/PUMAA15FUCWCV9078508-Puma-Men-Grey-and-Green-Casual-Shoes"
"care@abof.comWE","http://www.abof.com/product/PUMAS16OMFAWL9995105-Puma-Men-Grey-Academy-Printed-Three-fold-Wallet"
"care@abof.comWE","http://www.abof.com/product/PUMAS16AMAWTE9519909-Puma-Men-Black-Active-T-shirt"
"care@abof.comWE","http://www.abof.com/product/PUMAA15FMAWSO9850309-Puma-Men-Black-Unlimited-Lo-DP-Casual-Shoes"
"care@abof.comWE","http://www.abof.com/product/PUMAA15FMAWRS9763809-Puma-Men-Black-Axis-V3-DP-Running-Shoes"
"care@abof.comWE","http://www.abof.com/product/PUMAA15FMAWRS9846401-Puma-Men-Grey-and-Red-Axis-IV-XT-DP-Running-Shoes"
"care@abof.com","http://www.abof.com/men/sale"
"care@abof.comWE","http://www.abof.com/product/ABOFS16AMCWJG1128601-abof-Men-Grey-Melange-Regular-Fit-Joggers"
"care@abof.comWE","http://www.abof.com/product/AJILS16AMAWSX9617009-Ajile-by-Pantaloons-Men-Grey-Melange-Regular-Fit-Shorts"
"care@abof.comWE","http://www.abof.com/product/UCBZS16AMCWSX9038I05-United-Colors-of-Benetton-Men-Light-Grey-Denim-Slim-Fit-Shorts"
"care@abof.com","http://www.abof.com/men"
"care@abof.comWE","http://www.abof.com/product/ABOFS16AMCWTF1099601-abof-Men-Blue-Regular-Fit-Denim-Three-quarter-Pants"
"care@abof.comWE","http://www.abof.com/product/WRGLS16AMDMSX9236048-Wrangler-Men-Windell-Olive-Green-Printed-Regular-Fit-Shorts"
"care@abof.comWE","http://www.abof.com/product/ABOFS16AMCWJG1140901-abof-Men-Black-Regular-Fit-Joggers"
"care@abof.comWE","http://www.abof.com/product/PUMAS16AMAWTK9734850-Puma-Men-Blue-Regular-Fit-Track-Pants"
"care@abof.comWE","http://www.abof.com/product/ABOFS16AMCWTF1099701-abof-Men-Dark-Blue-Regular-Fit-Denim-Three-quarter-Pants"
"care@abof.comWE","http://www.abof.com/product/BRKBS16AMCWJG9NAZI05-Breakbounce-Men-Runazi-Dark-Grey-Regular-Fit-Joggers"
"care@abof.comWE","http://www.abof.com/product/ABOFS16AMCWJG1087502-abof-Men-Dark-Grey-Joggers"
"care@abof.comWE","http://www.abof.com/product/ABOFS16AMCWSX1129601-abof-Men-Tow-Blue-Regular-Fit-Denim-Shorts"
"care@abof.comWE","http://www.abof.com/product/FOCAS16AMDMSX9HITE00-Forca-by-Lifestyle-Men-White-Regular-Fit-Denim-Shorts"
"care@abof.com","http://www.abof.com/men/sale"
"care@abof.comWE","http://www.abof.com/product/PUMAS16AMAWSS9731559-Puma-Men-Navy-Regular-Fit-Sweatshirt"
"care@abof.comWE","http://www.abof.com/product/BASCA15AMCWSW9282505-Basics-Men-Grey-Regular-Fit-Hooded-Sweater"
"care@abof.com","http://www.abof.com/men"
"care@abof.comWE","http://www.abof.com/product/PLACS16AMAWSS9943909-Proline-Active-Men-Black-Regular-Fit-Hooded-Sweatshirt"
"care@abof.comWE","http://www.abof.com/product/ABOFS16AMCWSS1112304-abof-Men-Blue-Melange-Regular-Fit-Sweatshirt"
"care@abof.comWE","http://www.abof.com/product/BNHMA15AMCWSS9600759-Being-Human-Men-Blue-Slim-Fit-Hooded-Sweatshirt"
"care@abof.comWE","http://www.abof.com/product/PUMAS16AMAWSS9731205-Puma-Men-Dark-Grey-Melange-Regular-Fit-Sweatshirt"
"care@abof.comWE","http://www.abof.com/product/PECSA15AMCWSS9080059-Peter-England-Casuals-Men-Navy-Sweatshirt"
"care@abof.comWE","http://www.abof.com/product/ABOFA15AMCWSS1152601-abof-Men-Black-Printed-Sweatshirt"
"care@abof.comWE","http://www.abof.com/product/ABOFS16AMCWSS1112302-abof-Men-Black-Regular-Fit-Sweatshirt"
"care@abof.comWE","http://www.abof.com/product/ABOFA15AMCWSW1036702-abof-Men-Red-Regular-Fit-Sweater"
"care@abof.comWE","http://www.abof.com/product/ABOFS16AMCWSS1112301-abof-Men-Dark-Grey-Melange-Regular-Fit-Sweatshirt"
"care@abof.com","http://www.abof.com/men/sale"
"care@abof.comWE","http://www.abof.com/product/ABOFS16AMCWSS1112305-abof-Men-Off-white-Melange-Regular-Fit-Sweatshirt"
"care@abof.comWE","http://www.abof.com/product/BLACS16AMFWTR9394450-Black-Coffee-Men-Grey-Regular-Fit-Trousers"
"care@abof.comWE","http://www.abof.com/product/VHMLS16AMFWTR9270359-Van-Heusen-Men-Navy-Regular-Fit-Formal-Trousers"
"care@abof.comWE","http://www.abof.com/product/PEMLS16AMFWTR9255809-Peter-England-Men-Black-Formal-Slim-Fit-Trousers"
"care@abof.comWE","http://www.abof.com/product/VHMLS16AMFWTR9541808-Van-Heusen-Men-Dark-Grey-Regular-Fit-Formal-Trousers"
"care@abof.comWE","http://www.abof.com/product/VHMLS16AMFWTR9541609-Van-Heusen-Men-Black-Regular-Fit-Formal-Trousers"
"care@abof.comWE","http://www.abof.com/product/VHMLS16AMFWTR9270208-Van-Heusen-Men-Dark-Grey-Regular-Fit-Formal-Trousers"
"care@abof.comWE","http://www.abof.com/product/LPMLS16AMFWTR9875705-Louis-Philippe-Men-Basic-City-Light-Grey-Milano-Fit-Trousers"
"care@abof.comWE","http://www.abof.com/product/VHMLA15AMFWTR9487505-Van-Heusen-Men-Grey-Slim-Fit-Formal-Trousers"
"care@abof.comWE","http://www.abof.com/product/VHMLS16AMFWTR9541759-Van-Heusen-Men-Navy-Regular-Fit-Formal-Trousers"
"care@abof.comWE","http://www.abof.com/product/VHMLS16AMFWTR9342374-Van-Heusen-Men-Khaki-Regular-Fit-Formal-Trousers"
"care@abof.comWE","http://www.abof.com/product/VHMLS16AMFWTR9377608-Van-Heusen-Men-Dark-Grey-Regular-Fit-Formal-Trousers"
"care@abof.comWE","http://www.abof.com/product/VHMLS16AMFWTR9270409-Van-Heusen-Men-Black-Regular-Fit-Formal-Trousers"
"care@abof.com","http://www.abof.com/men/sale"
"care@abof.com","http://www.abof.com/men"
"care@abof.comWE","http://www.abof.com/product/ABOFS16AMCWTE1113801-abof-Men-White-and-Sky-Blue-Striped-Regular-Fit-T-shirt"
"care@abof.comWE","http://www.abof.com/product/PARXS16AMCWTR991B659-Parx-Men-Navy-Regular-Fit-Cargo-Trousers"
"care@abof.com","http://www.abof.com/men"
"care@abof.comWE","http://www.abof.com/product/FRATS16AMDMTE9T92309-Free-Authority-Men-Black-Graphic-Print-Regular-Fit-T-shirt"
"care@abof.comWE","http://www.abof.com/product/ABOFS16AMCWTE1114201-abof-Men-White-Striped-Regular-Fit-T-shirt"
"care@abof.comWE","http://www.abof.com/product/ABOFS16AMCWSJ1019601-abof-Men-Black-Regular-Fit-Hooded-Sweat-Jacket"
"care@abof.comWE","http://www.abof.com/product/ABOFS16AMCWTE1113802-abof-Men-White-Striped-Regular-Fit-T-shirt"
"care@abof.comWE","http://www.abof.com/product/ABOFS16AMCWJS1156701-abof-Men-Grey-Slim-Fit-Jeans"
"care@abof.comWE","http://www.abof.com/product/FOCAS16AMDMTE9IRDY30-Forca-by-Lifestyle-Men-Red-Printed-Slim-Fit-T-shirt"
"care@abof.comWE","http://www.abof.com/product/BLACS16AMFWSH9339809-Black-Coffee-Men-Black-Slim-Fit-Shirt"
"care@abof.comWE","http://www.abof.com/product/JPYSS16AMCWTR961A303-John-Players-Men-Grey-Regular-Fit-Formal-Trousers"
"care@abof.comWE","http://www.abof.com/product/ABOFS16AMCWJS1156601-abof-Men-Blue-Slim-Fit-Jeans"
"care@abof.comWE","http://www.abof.com/product/BRKBS16AMCWTE9DUKA60-Breakbounce-Men-Navy-Printed-Regular-Fit-T-shirt"
"care@abof.com","http://www.abof.com/men/sale"
"care@abof.comWE","http://www.abof.com/product/PUMAS16AMAWCJ9186309-Puma-Men-Black-Regular-Fit-Casual-Jacket"
"care@abof.comWE","http://www.abof.com/product/ABOFS16AMCWSJ1019601-abof-Men-Black-Regular-Fit-Hooded-Sweat-Jacket"
"care@abof.com","http://www.abof.com/men"
"care@abof.comWE","http://www.abof.com/product/FORCA15AMCWCJ9725675-Fort-Collins-Men-Camel-Brown-Hooded-Casual-Jacket"
"care@abof.comWE","http://www.abof.com/product/WLCFS16AMAWCJ9803450-Wildcraft-Men-Grey-Casual-Regular-Fit-Jacket"
"care@abof.comWE","http://www.abof.com/product/FILAS16AMAWCJ9RETH30-Fila-Men-Gareth-Red-Regular-Fit-Hooded-Windcheater-Jacket"
"care@abof.comWE","http://www.abof.com/product/FORCA15AMCWCJ9425859-Fort-Collins-Men-Blue-Hooded-Casual-Jacket"
"care@abof.comWE","http://www.abof.com/product/ABOFA16AMCWWJ1027202-abof-Men-Red-Regular-Fit-Winter-Jacket"
"care@abof.comWE","http://www.abof.com/product/ABOFA16AMCWWJ1027201-abof-Men-Black-Regular-Fit-Winter-Jacket"
"care@abof.comWE","http://www.abof.com/product/ABOFA15AMCWWJ1063501-abof-Men-Grey-Casual-Regular-Fit-Jacket"
"care@abof.comWE","http://www.abof.com/product/ABOFS16AMCWCJ1156301-abof-Men-Dark-Blue-Regular-Fit-Denim-Trucker-Jacket"
"care@abof.comWE","http://www.abof.com/product/ABOFS16AMCWCJ1156201-abof-Men-Dark-Blue-Regular-Fit-Denim-Trucker-Jacket"
"care@abof.comWE","http://www.abof.com/product/FORCA15AMCWCJ9513209-Fort-Collins-Men-Grey-and-Black-Reversible-Hooded-Casual-Jacket"
"care@abof.com","http://www.abof.com/men/sale"
"care@abof.comWE","http://www.abof.com/product/HIGLS16AMCWTR9376205-Highlander-Men-Light-Grey-Regular-Fit-Trousers"
"care@abof.com","http://www.abof.com/men"
"care@abof.comWE","http://www.abof.com/product/JPYSS16AMCWTR961A303-John-Players-Men-Grey-Regular-Fit-Formal-Trousers"
"care@abof.comWE","http://www.abof.com/product/BRKBS16AMCWTR9ASWA59-Breakbounce-Men-Navy-Regular-Fit-Trousers"
"care@abof.comWE","http://www.abof.com/product/PARXS16AMCWTR991B659-Parx-Men-Navy-Regular-Fit-Cargo-Trousers"
"care@abof.comWE","http://www.abof.com/product/ABOFS16AMCWTF1099301-abof-Men-Blue-Regular-Fit-Three-quarter-Denim-Pants"
"care@abof.comWE","http://www.abof.com/product/LOCOS16AMDMCN9029270-Locomotive-Men-Dark-Brown-Regular-Fit-Chino-Trousers"
"care@abof.comWE","http://www.abof.com/product/LOCOS16AMDMCN9029309-Locomotive-Men-Black-Regular-Fit-Chino-Trousers"
"care@abof.comWE","http://www.abof.com/product/ABOFS16AMCWCN1161803-abof-Men-Grey-Slim-Fit-Chino-Trousers"
"care@abof.comWE","http://www.abof.com/product/ABOFS16AMCWCN1161501-abof-Men-Black-Slim-Fit-Chino-Trousers"
"care@abof.comWE","http://www.abof.com/product/ABOFS16AMCWCN1161504-abof-Men-Khaki-Slim-Fit-Chino-Trousers"
"care@abof.comWE","http://www.abof.com/product/ABOFS16AMCWCN1161401-abof-Men-Khaki-Slim-Fit-Chino-Trousers"
"care@abof.comWE","http://www.abof.com/product/ABOFS16AMCWCN1161802-abof-Men-Khaki-Slim-Fit-Chino-Trousers"
"care@abof.com","http://www.abof.com/men/sale"
"care@abof.comWE","http://www.abof.com/product/ABOFA15FMCWSE1181501-abof-Men-Black-Sandals"
"care@abof.com","http://www.abof.com/men"
"care@abof.comWE","http://www.abof.com/product/LCPRS16FMCWSE9192573-Lee-Cooper-Men-Brown-Leather-Sandals"
"care@abof.comWE","http://www.abof.com/product/FILAS16FMAWSP9ARTA09-Fila-Men-Black-Marta-Sports-Sandals"
"care@abof.comWE","http://www.abof.com/product/RDTPS16FMCWSE9S19709-Red-Tape-Men-Black-Leather-Sandals"
"care@abof.comWE","http://www.abof.com/product/BCKRS16FMCWSE9EDRO70-Buckaroo-Men-Brown-Pedro-Leather-Sandals"
"care@abof.comWE","http://www.abof.com/product/ABOFA15FMCWSE1181502-abof-Men-Dark-Brown-Sandals"
"care@abof.comWE","http://www.abof.com/product/LCPRS16FMCWSE9192773-Lee-Cooper-Men-Tan-Brown-Leather-Sandals"
"care@abof.comWE","http://www.abof.com/product/ABOFA15FMCWSE1180603-abof-Men-Brown-Sandals"
"care@abof.comWE","http://www.abof.com/product/LINIS16FMAWSP9J01108-Li-Ning-Men-Dark-Grey-Sports-Sandals"
"care@abof.comWE","http://www.abof.com/product/ABOFA15FMCWSE1181802-abof-Men-Light-Tan-Sandals"
"care@abof.comWE","http://www.abof.com/product/ABOFA15FMCWSE1180501-abof-Men-Black-Flip-Flops"
"care@abof.comWE","http://www.abof.com/product/ABOFA15FMCWSE1181801-abof-Men-Beige-Sandals"
"care@abof.com","http://www.abof.com/men/sale"
"care@abof.comWE","http://www.abof.com/product/WLCFS16FMODTC9140448-Wildcraft-Men-Olive-Green-Trekking-Shoes"
"care@abof.com","http://www.abof.com/men"
"care@abof.comWE","http://www.abof.com/product/ADIDS16FMAWFO94FXG40-Adidas-Men-Green-and-Black-Football-Shoes"
"care@abof.comWE","http://www.abof.com/product/LINIS16FMAWRS9J03309-Li-Ning-Men-Black-and-Red-Running-Shoes"
"care@abof.comWE","http://www.abof.com/product/LINIS16FMAWRS9J04300-Li-Ning-Men-White-and-Red-Running-Shoes"
"care@abof.comWE","http://www.abof.com/product/PUMAS16FMAWRS9936609-Puma-Men-Black-and-Lime-Green-Harbour-DP-Running-Shoes"
"care@abof.comWE","http://www.abof.com/product/FILAS16FMAWRS9JUMP09-Fila-Men-Black-Jump-Running-Shoes"
"care@abof.comWE","http://www.abof.com/product/LCPRS16FMODTC9205948-Lee-Cooper-Men-Olive-Green-Trekking-Shoes"
"care@abof.comWE","http://www.abof.com/product/REBKS16FMAWRS9CK2003-Reebok-Men-Grey-Edge-Quick-20-Running-Shoes"
"care@abof.comWE","http://www.abof.com/product/FILAS16FMAWSP9ARTA05-Fila-Men-Grey-and-Neon-Green-Marta-Sports-Sandals"
"care@abof.comWE","http://www.abof.com/product/FILAS16FMAWRS9OBIC05-Fila-Men-Grey-and-Neon-Green-Aerobic-Lite-Running-Shoes"
"care@abof.comWE","http://www.abof.com/product/REBKS16FMAWRS9ORTS09-Reebok-Men-Black-Running-Shoes"
"care@abof.comWE","http://www.abof.com/product/LINIS16FMAWRS9H02109-Li-Ning-Men-Black-and-Green-Running-Shoes"
"care@abof.com","http://www.abof.com/men/sale"
"care@abof.comWE","http://www.abof.com/product/BCKRS16FMCWCF9ULIN73-Buckaroo-Men-Brown-Leather-Casual-Shoes"
"care@abof.com","http://www.abof.com/men"
"care@abof.comWE","http://www.abof.com/product/LCPRS16FMCWCF9201573-Lee-Cooper-Men-Tan-Brown-Leather-Casual-Shoes"
"care@abof.comWE","http://www.abof.com/product/LCPRS16FMCWCF9133309-Lee-Cooper-Men-Black-Leather-Casual-Shoes"
"care@abof.comWE","http://www.abof.com/product/ADIDS16FMAWFO94FXG40-Adidas-Men-Green-and-Black-Football-Shoes"
"care@abof.comWE","http://www.abof.com/product/ABOFA15FMCWSE1181501-abof-Men-Black-Sandals"
"care@abof.comWE","http://www.abof.com/product/RDTPS16FMCWSE9S19709-Red-Tape-Men-Black-Leather-Sandals"
"care@abof.comWE","http://www.abof.com/product/ABOFA15FMFASN1202706-abof-Men-Olive-Green-Sneakers"
"care@abof.comWE","http://www.abof.com/product/LCPRS16FMCWCF9133373-Lee-Cooper-Men-Brown-Leather-Casual-Shoes"
"care@abof.comWE","http://www.abof.com/product/ABOFA15FMFASN1202701-abof-Men-Black-Sneakers"
"care@abof.comWE","http://www.abof.com/product/ABOFS16FMCWLF1131201-abof-Men-Navy-Espadrilles"
"care@abof.comWE","http://www.abof.com/product/ABOFA15FMFASN1202707-abof-Men-Beige-Sneakers"
"care@abof.comWE","http://www.abof.com/product/ABOFA15FMCWSN1172401-abof-Men-Brown-Sneakers"
"care@abof.com","http://www.abof.com/men/sale"
"care@abof.com","http://www.abof.com/men"
"care@abof.comWE","http://www.abof.com/product/LCPRS16FMFWDB9214109-Lee-Cooper-Men-Black-Leather-Formal-Shoes"
"care@abof.comWE","http://www.abof.com/product/KNDBS16FMFWOX966A109-Knotty-Derby-Men-Black-Vincent-Oxford-Shoes"
"care@abof.comWE","http://www.abof.com/product/RDTPS16FMFWMO9827270-Red-Tape-Men-Dark-Brown-Leather-Moccasins"
"care@abof.comWE","http://www.abof.com/product/SNFCS16FMFWOX9681109-San-Frissco-Men-Black-Wingtip-Oxford-Shoes"
"care@abof.comWE","http://www.abof.com/product/LPMLS16FMFWDB9160670-Louis-Philippe-Men-Brown-Leather-Derby-Shoes"
"care@abof.comWE","http://www.abof.com/product/LPMLS16FMFWDB9604570-Louis-Philippe-Men-Brown-Leather-Derby-Shoes"
"care@abof.comWE","http://www.abof.com/product/SNFCS16FMFWOX9681173-San-Frissco-Men-Tan-Brown-Wingtip-Oxford-Shoes"
"care@abof.comWE","http://www.abof.com/product/SNFCS16FMFWSY9603109-San-Frissco-Men-Black-Formal-Shoes"
"care@abof.comWE","http://www.abof.com/product/BATAS16FMFWSY9420370-Bata-Men-Dark-Brown-Formal-Shoes"
"care@abof.comWE","http://www.abof.com/product/SNFCS16FMFWBG9350373-San-Frissco-Men-Tan-Brown-Brogues"
"care@abof.comWE","http://www.abof.com/product/BATAS16FMFWSY9682709-Bata-Men-Black-Leather-Formal-Shoes"
"care@abof.comWE","http://www.abof.com/product/SNFCS16FMFWSY9851109-San-Frissco-Men-Black-Formal-Shoes"
"care@abof.com","http://www.abof.com/men/sale"
"care@abof.comWE","http://www.abof.com/product/PUMAS16OMFAWL9995150-Puma-Men-Dark-Blue-Academy-Printed-Three-fold-Wallet"
"care@abof.com","http://www.abof.com/men"
"care@abof.comWE","http://www.abof.com/product/WLCFS16OMFABP9116140-Wildcraft-Unisex-Olive-Green-and-Black-Printed-Backpack"
"care@abof.comWE","http://www.abof.com/product/PUMAS16OMFADF9950550-Puma-Unisex-Black-and-Blue-Duffle-Bag"
"care@abof.comWE","http://www.abof.com/product/PUMAS16OMFABP9193050-Puma-Unisex-Blue-Backpack"
"care@abof.comWE","http://www.abof.com/product/BFBGS16OMFABP9BFBP30-Be-for-Bag-Unisex-Red-Foldable-Backpack-and-Pouch-Set"
"care@abof.comWE","http://www.abof.com/product/BFBGA15OMFABP9STIN05-Be-For-Bag-Unisex-Grey-Printed-Laptop-Backpack"
"care@abof.comWE","http://www.abof.com/product/BFBGA15OMFABP9STIN50-Be-For-Bag-Unisex-Navy-Printed-Laptop-Backpack"
"care@abof.comWE","http://www.abof.com/product/BFBGA15OMFABP9STIN00-Be-For-Bag-Unisex-Austin-White-Printed-Laptop-Backpack"
"care@abof.comWE","http://www.abof.com/product/BFBGA15OMFABP9STIN44-Be-For-Bag-Unisex-Black-and-Green-Laptop-Backpack"
"care@abof.comWE","http://www.abof.com/product/PUMAS16OMFABP9193005-Puma-Unisex-Olive-Green-Backpack"
"care@abof.comWE","http://www.abof.com/product/BFBGA15OMFABP9STIN30-Be-For-Bag-Unisex-Red-Printed-Laptop-Backpack"
"care@abof.comWE","http://www.abof.com/product/PECSA15OMFAMG9702774-Peter-England-Casuals-Men-Khaki-and-Dark-Blue-Messenger-Bag"
"care@abof.comWE","http://www.abof.com/product/BCKRS16FMCWCF9ULIN73-Buckaroo-Men-Brown-Leather-Casual-Shoes"
"care@abof.comWE","http://www.abof.com/product/PUMAS16FMCWCV9176105-Puma-Men-Blue-Streetball-DP-Canvas-Shoes"
"care@abof.comWE","http://www.abof.com/product/ABOFS16FMCWLF1131201-abof-Men-Navy-Espadrilles"
"care@abof.com","http://www.abof.com/men/sale"
"care@abof.comWE","http://www.abof.com/product/ADIDS16FMAWSO9ERBY05-Adidas-Men-Grey-and-Blue-Lifestyle-Shoes"
"care@abof.com","http://www.abof.com/men"
"care@abof.comWE","http://www.abof.com/product/ABOFA15FMFASN1202706-abof-Men-Olive-Green-Sneakers"
"care@abof.comWE","http://www.abof.com/product/LCPRS16FMCWCF9133373-Lee-Cooper-Men-Brown-Leather-Casual-Shoes"
"care@abof.comWE","http://www.abof.com/product/LCPRS16FMCWCF9201573-Lee-Cooper-Men-Tan-Brown-Leather-Casual-Shoes"
"care@abof.comWE","http://www.abof.com/product/LCPRS16FMCWCF9133309-Lee-Cooper-Men-Black-Leather-Casual-Shoes"
"care@abof.comWE","http://www.abof.com/product/ABOFA15FMCWSN1172401-abof-Men-Brown-Sneakers"
"care@abof.comWE","http://www.abof.com/product/ABOFA15FMFASN1202705-abof-Men-Steel-Grey-Sneakers"
"care@abof.comWE","http://www.abof.com/product/ABOFA15FMFASN1202701-abof-Men-Black-Sneakers"
"care@abof.comWE","http://www.abof.com/product/ABOFA15FMFASN1202707-abof-Men-Beige-Sneakers"
"care@abof.com","http://www.abof.com/searchterm/"
"care@abof.com","http://www.abof.com/women"
"care@abof.com","http://www.abof.com/men"
"care@abof.com","http://www.abof.com/women/sale"
"care@abof.com","http://www.abof.com/about-abof"
"pragnya.ram@adityabirla.com","http://www.abof.com/privacy-policy"
"care@abof.com","http://www.abof.com/privacy-policy"
"care@abof.com","http://www.abof.com/leadership-team"
"care@abof.com","http://www.abof.com/terms"
"care@abof.comWE","http://www.abof.com/product/ABOFS16FMCWBO1080301-abof-Men-Dark-Brown-Boots"
"care@abof.com","http://www.abof.com/men"
"care@abof.comWE","http://www.abof.com/product/PARXS16AMCWSH931B850-Parx-Men-Indigo-Blue-Slim-Fit-Casual-Shirt"
"care@abof.comWE","http://www.abof.com/product/UCBZS16FMCWSE98AGI70-United-Colors-of-Benetton-Men-Black-Leather-Sandals"
"care@abof.comWE","http://www.abof.com/product/BASCS16AMCWJS9208509-Basics-Men-Flatfront-Dark-Grey-Regular-Fit-Jeans"
"care@abof.comWE","http://www.abof.com/product/FOCAS16AMDMJS9AXEL59-Forca-by-Lifestyle-Men-Axel-Navy-Skinny-Fit-Jeans"
"care@abof.comWE","http://www.abof.com/product/FOCAS16AMDMTE9ICAL30-Forca-by-Lifestyle-Men-White-and-Red-Striped-Slim-Fit-T-shirt"
"care@abof.comWE","http://www.abof.com/product/ABOFA15FMCWSN1177901-abof-Men-Grey-Suede-Sneakers"
"care@abof.comWE","http://www.abof.com/product/ABOFS16AMCWSH1021801-abof-Men-Blue-and-Red-Striped-Regular-Fit-Casual-Shirt"
"care@abof.comWE","http://www.abof.com/product/ABOFS16AMCWSH1085802-abof-Men-Green-and-Red-Linen-Blend-Checkered-Slim-Fit-Shirt"
"care@abof.comWE","http://www.abof.com/product/BFBGS16OMFABP9BFBP30-Be-for-Bag-Unisex-Red-Foldable-Backpack-and-Pouch-Set"
"care@abof.comWE","http://www.abof.com/product/WLCFS16OMFABP9116140-Wildcraft-Unisex-Olive-Green-and-Black-Printed-Backpack"
"care@abof.comWE","http://www.abof.com/product/ABOFS16OWFAHB1001301-abof-Men-Black-and-Brown-Messenger-Bag"
"care@abof.comWE","http://www.abof.com/product/BASCS16AMCWJS9186209-Basics-Men-Dark-Blue-Regular-Fit-Jeans"
"care@abof.comWE","http://www.abof.com/product/BFBGA15OMFABP9STIN00-Be-For-Bag-Unisex-Austin-White-Printed-Laptop-Backpack"
"care@abof.com","http://www.abof.com/men"
"care@abof.comWE","http://www.abof.com/product/PUMAS16OMFABP9193050-Puma-Unisex-Blue-Backpack"
"care@abof.comWE","http://www.abof.com/product/BFBGA15OMFABP9STIN44-Be-For-Bag-Unisex-Black-and-Green-Laptop-Backpack"
"care@abof.comWE","http://www.abof.com/product/BFBGA15OMFABP9STIN05-Be-For-Bag-Unisex-Grey-Printed-Laptop-Backpack"
"care@abof.comWE","http://www.abof.com/product/BFBGA15OMFABP9STIN50-Be-For-Bag-Unisex-Navy-Printed-Laptop-Backpack"
"care@abof.comWE","http://www.abof.com/product/PUMAS16OMFADF9950550-Puma-Unisex-Black-and-Blue-Duffle-Bag"
"care@abof.comWE","http://www.abof.com/product/PECSA15OMFAMG9702774-Peter-England-Casuals-Men-Khaki-and-Dark-Blue-Messenger-Bag"
"care@abof.comWE","http://www.abof.com/product/BFBGA15OMFABP9STIN30-Be-For-Bag-Unisex-Red-Printed-Laptop-Backpack"
"care@abof.com","http://www.abof.com/men"
"care@abof.com","http://www.abof.com/women"
"care@abof.comWE","http://www.abof.com/product/ABOFS16FMCWBO1079902-abof-Men-Brown-Boots"
"care@abof.comWE","http://www.abof.com/product/PUMAS16OMFAWL9995150-Puma-Men-Dark-Blue-Academy-Printed-Three-fold-Wallet"
"care@abof.comWE","http://www.abof.com/product/PUMAS16OMFABP9193005-Puma-Unisex-Olive-Green-Backpack"
"care@abof.com","http://www.abof.com/searchterm/"
"care@abof.com","http://www.abof.com/terms"
"care@abof.com","http://www.abof.com/women/sale"
"care@abof.com","http://www.abof.com/leadership-team"
"pragnya.ram@adityabirla.com","http://www.abof.com/privacy-policy"
"care@abof.com","http://www.abof.com/privacy-policy"
"care@abof.com","http://www.abof.com/about-abof"
"care@abof.com","http://www.abof.com/men"
"care@abof.com","http://www.abof.com/women"
"care@abof.com","http://www.abof.com/searchterm/"
"care@abof.com","http://www.abof.com/women"
"care@abof.com","http://www.abof.com/women/sale"
"care@abof.com","http://www.abof.com/leadership-team"
"care@abof.com","http://www.abof.com/about-abof"
"care@abof.com","http://www.abof.com/terms"
"pragnya.ram@adityabirla.com","http://www.abof.com/privacy-policy"
"care@abof.com","http://www.abof.com/privacy-policy"
"care@abof.comWE","http://www.abof.com/product/ABOFS16AMCWSH1070302-abof-Men-Black-Linen-Slim-Fit-Shirt"
"care@abof.comWE","http://www.abof.com/product/ABOFS16AMCWJS1090101-abof-Men-Dark-Blue-Slim-Fit-Jeans"
"care@abof.comWE","http://www.abof.com/product/ABOFS16AWFSKU1166707-abof-Fusion-Sea-Green-Regular-Fit-A-line-Kurti"
"care@abof.comWE","http://www.abof.com/product/ABOFS16AWEWKU1166402-abof-Ethnic-Red-and-Blue-Printed-Regular-Fit-Kurta"
"care@abof.comWE","http://www.abof.com/product/ABOFA15AMCWJG1166701-abof-Men-Blue-Joggers"
"care@abof.comWE","http://www.abof.com/product/ABOFS16AMCWJS1026901-abof-Men-Adrian-Dark-Blue-Slim-Fit-Jeans"
"care@abof.comWE","http://www.abof.com/product/ABOFS16AMCWJG1128501-abof-Men-Anthra-Grey-Melange-Regular-Fit-Drop-Crotch-Joggers"
"care@abof.comWE","http://www.abof.com/product/ABOFA15AMCWSH1155403-abof-Men-Black-and-Brown-Aztec-Print-Shirt"
"care@abof.comWE","http://www.abof.com/product/ABOFS16AMCWSH1085702-abof-Men-Beige-Linen-Blend-Checkered-Slim-Fit-Shirt"
"care@abof.comWE","http://www.abof.com/product/ABOFS16AMCWSH1086604-abof-Men-Romeo-Sky-Blue-Fil-a-fil-Slim-Fit-Shirt"
"care@abof.comWE","http://www.abof.com/product/ABOFS16AWEWKU1166302-abof-Ethnic-Navy-Printed-Regular-Fit-Kurta"
"care@abof.comWE","http://www.abof.com/product/ABOFS16AWWWFB1069802-abof-Women-Khaki-Regular-Fit-Joggers"
"care@abof.com","http://www.abof.com/SPKRS16AMDMTE9160600"
"care@abof.com","http://www.abof.com/PETES16AMDMJS9519450"
"care@abof.com","http://www.abof.com/ABOFS16AMCWJS1075501"
"care@abof.com","http://www.abof.com/BRKBS16AMCWTE9UMPI00"
"care@abof.comWE","http://www.abof.com/product/ABOFS16AMCWJS1004602-abof-Men-Dark-Grey-Slim-Fit-Jeans"
"care@abof.comWE","http://www.abof.com/product/ABOFS16AMCWJS1017201-abof-Men-Dark-Blue-Slim-Fit-Jeans"
"care@abof.comWE","http://www.abof.com/product/ABOFS16AMCWJS1015901-abof-Men-Blue-Slim-Fit-Jeans"
"care@abof.comWE","http://www.abof.com/product/ABOFS16AMCWJS1017101-abof-Men-Light-Blue-Slim-Fit-Jeans"
"care@abof.comWE","http://www.abof.com/product/ABOFS16AMCWJS1090001-abof-Men-Blue-Slim-Fit-Jeans"
"care@abof.comWE","http://www.abof.com/product/ABOFA15AMCWJS1002401-abof-Men-Blue-Slim-Fit-Jeans"
"care@abof.comWE","http://www.abof.com/product/ABOFA15AMCWJS1001101-abof-Men-Blue-Slim-Fit-Jeans"
"care@abof.comWE","http://www.abof.com/product/ABOFS16AMCWJS1004203-abof-Men-Dark-Grey-Slim-Fit-Jeans"
"care@abof.comWE","http://www.abof.com/product/ABOFS16AMCWJS1075601-abof-Men-Blue-Slim-Fit-Jeans"
"care@abof.comWE","http://www.abof.com/product/ABOFA15AMCWJS1001201-abof-Men-Blue-Slim-Fit-Jeans"
"care@abof.comWE","http://www.abof.com/product/ABOFA15AMCWJS1000501-abof-Men-Navy-Slim-Fit-Jeans"
"care@abof.comWE","http://www.abof.com/product/ABOFA15AMCWJS1001402-abof-Men-Blue-Slim-Fit-Jeans"
"care@abof.comWE","http://www.abof.com/product/ABOFS16AWWWTP1094901-abof-Women-Dark-Blue-Regular-Fit-Top"
"care@abof.comWE","http://www.abof.com/product/ABOFS16AWWWTP1054402-abof-Women-Black-and-White-Printed-Top"
"care@abof.comWE","http://www.abof.com/product/ABOFS16AWWWTP1094102-abof-Women-Sea-Green-Regular-Fit-Top"
"care@abof.comWE","http://www.abof.com/product/ABOFS16AWWWTP1035701-abof-Women-Dark-Blue-Regular-Fit-Top"
"care@abof.comWE","http://www.abof.com/product/ABOFS16AWWWTP1041801-abof-Women-Ivory-White-Loose-Fit-Lace-Top"
"care@abof.comWE","http://www.abof.com/product/ABOFS16AWWWTP1068602-abof-Women-Coral-Pink-Top"
"care@abof.comWE","http://www.abof.com/product/ABOFS16AWWWTP1058002-abof-Women-Cobalt-Blue-Printed-Regular-Fit-Top"
"care@abof.comWE","http://www.abof.com/product/ABOFA15AWWWTP1033503-abof-Women-White-Embellished-Regular-Fit-Shirt"
"care@abof.comWE","http://www.abof.com/product/ABOFS16AWWWTP1035102-abof-Women-Black-Printed-Top"
"care@abof.comWE","http://www.abof.com/product/ABOFS16AWWWTP1054601-abof-Women-Black-Regular-Fit-Tunic"
"care@abof.com","http://www.abof.com/women"
"care@abof.comWE","http://www.abof.com/product/ABOFS16AWWWTP1035603-abof-Women-Blue-Regular-Fit-Lace-Top"
"care@abof.comWE","http://www.abof.com/product/ABOFS16AWWWTP1040702-abof-Women-White-Regular-Fit-Crop-Top"
"care@abof.com","http://www.abof.com/ABOFA15AWWWDR1185601"
"care@abof.com","http://www.abof.com/DEALS16AWWWDR9012600"
"care@abof.com","http://www.abof.com/DEALS16AWWWDR9001900"
"care@abof.com","http://www.abof.com/ONLYS16AWWWDR9448200"
"care@abof.com","http://www.abof.com/searchterm/"
"care@abof.com","http://www.abof.com/women/sale"
"care@abof.com","http://www.abof.com/about-abof"
"care@abof.com","http://www.abof.com/leadership-team"
"care@abof.com","http://www.abof.com/terms"
"pragnya.ram@adityabirla.com","http://www.abof.com/privacy-policy"
"care@abof.com","http://www.abof.com/privacy-policy"
"care@abof.com","http://www.abof.com/ABOFS16AWWWSK1067002"
"care@abof.com","http://www.abof.com/ABOFA15AWWWSK1111705"
"care@abof.com","http://www.abof.com/webapp/wcs/stores/servlet/SearchDisplay?storeId=10154&amp;productIds=15035,15039,32545,32548,51284,53337,89556,89796,89822,107592,101528,101551,101584,101585,101621,125069,125078,125087,125091,161678,164822,146173,135183,151318,151331,151332,151358,151359,126348,126378,134491,134506,134507,134510,178589,184022,184805,184929,188780,189142"
"care@abof.com","http://www.abof.com/GLOBS16AWFSTP9P50009"
"care@abof.com","http://www.abof.com/DEALS16AWWWTP9000109"
"care@abof.com","http://www.abof.com/searchterm/"
"care@abof.com","http://www.abof.com/terms"
"pragnya.ram@adityabirla.com","http://www.abof.com/privacy-policy"
"care@abof.com","http://www.abof.com/privacy-policy"
"care@abof.com","http://www.abof.com/about-abof"
"care@abof.com","http://www.abof.com/leadership-team"
"care@abof.com","http://www.abof.com/women/sale"
"care@abof.com","http://www.abof.com/ABOFS16FMCWBO1079902"
"care@abof.com","http://www.abof.com/LPMLS16FMFWMN9605970"
"care@abof.com","http://www.abof.com/KNDBS16FMFWDB930F170"
"care@abof.com","http://www.abof.com/KNDBS16FMFWOX959D109"
